"class","gene_id","logFC","adj.P.Val","direction"
1,"GBP4",1.66479984223186,1.97926126941752e-05,"Up"
1,"GBP1",1.45274964421975,3.14516026558231e-05,"Up"
1,"CD28",2.1741000072646,4.06971598848535e-05,"Up"
1,"GZMK",1.88893234377312,4.06971598848535e-05,"Up"
1,"CD2",1.51679319703709,0.000143397085506239,"Up"
1,"GBP5",1.31119677290013,0.000144132586771761,"Up"
1,"CD3E",1.50320058551519,0.000156786885175959,"Up"
1,"TMEM176B",1.1274672371991,0.000159518234101701,"Up"
1,"IDO1",2.33642566760428,0.00016172066664928,"Up"
1,"ADAMDEC1",1.71436538058158,0.00016172066664928,"Up"
1,"CD14",1.9912095582576,0.000166111837317962,"Up"
1,"GBP2",1.4185725441438,0.000166111837317962,"Up"
1,"GIMAP5",1.38346808628395,0.000166111837317962,"Up"
1,"PAPSS2",1.1228858914102,0.000181365653412275,"Up"
1,"CXCL9",2.63521818180621,0.000209661982670946,"Up"
1,"UBD",1.77442751062008,0.000215176584969563,"Up"
1,"GIMAP7",1.60701447963558,0.000229357020017171,"Up"
1,"CXCR6",1.89786455202431,0.00024196613025822,"Up"
1,"CD8A",1.56541799618535,0.00024196613025822,"Up"
1,"CD4",1.27218300035112,0.00034271118461561,"Up"
1,"CD3D",1.8220735353019,0.000432484388432314,"Up"
1,"PPA1",1.12384472263797,0.000432484388432314,"Up"
1,"C1orf54",1.55160137726569,0.000533868733536731,"Up"
1,"EOMES",1.57703432324394,0.000655528749233175,"Up"
1,"LAG3",1.92444535028489,0.000913797396057627,"Up"
1,"GZMA",1.99461488331017,0.000995980688184177,"Up"
1,"GIMAP4",1.5645246332209,0.000995980688184177,"Up"
1,"TNFRSF9",1.52438662334993,0.000995980688184177,"Up"
1,"IL2RB",1.45589944914056,0.00102618380639137,"Up"
1,"IFI6",1.7801237326097,0.00104443895013556,"Up"
1,"APOE",1.10760748385308,0.00116144323263186,"Up"
1,"CCL21",2.57854530087771,0.00145079825786519,"Up"
1,"ITK",1.4759303122901,0.00145079825786519,"Up"
1,"GJA1",1.45387264561306,0.00145079825786519,"Up"
1,"TTC39B",1.26551138547682,0.00145079825786519,"Up"
1,"SLAMF7",1.66592529845815,0.00149349009833072,"Up"
1,"IL33",1.55016799807379,0.00190621841029603,"Up"
1,"PTGDS",1.34316380449751,0.00190621841029603,"Up"
1,"BCL11B",1.35336087556571,0.00225622587260391,"Up"
1,"CADM1",1.78523440924966,0.00237650644564435,"Up"
1,"CTLA4",1.79198397601665,0.00247030099761209,"Up"
1,"CD3G",1.41537917357979,0.002523649288329,"Up"
1,"TRAT1",1.85836169759562,0.00271894545331011,"Up"
1,"CLU",1.32518174416693,0.00468165349889369,"Up"
1,"PLA2G2D",1.21433859688504,0.00545637102430489,"Up"
1,"TNIK",1.31419231362738,0.00550634718535133,"Up"
1,"TRIM69",1.32780522935507,0.00566998697963325,"Up"
1,"CPVL",1.27372673900796,0.00637459233118667,"Up"
1,"FNDC1",1.60888752218609,0.00642403355958319,"Up"
1,"SERPING1",1.12536472854909,0.00679282612745305,"Up"
1,"CRTAM",1.88373701736077,0.00691153507637747,"Up"
1,"MMP14",1.24123608943279,0.00692401615291869,"Up"
1,"IFITM1",1.82685721569144,0.00850041921333216,"Up"
1,"APOL1",1.10825529329144,0.00876171021201008,"Up"
1,"IL4I1",1.41347018068359,0.00930678045798753,"Up"
1,"NELL2",1.55962121200755,0.0096510856899927,"Up"
1,"SLCO2A1",1.44504817624527,0.0101018829940848,"Up"
1,"PLXDC1",1.52734963936873,0.0102306863373554,"Up"
1,"GIMAP6",1.30202454038496,0.0102306863373554,"Up"
1,"SLAMF8",1.46480692200771,0.0109343617332997,"Up"
1,"TNFRSF1B",1.04799163119108,0.0113252464297425,"Up"
1,"ITM2A",1.13858086853372,0.0121890865263229,"Up"
1,"SH2D2A",1.29642253745036,0.0122807415037014,"Up"
1,"SDC3",1.05615615577678,0.0127247801912926,"Up"
1,"NR1H3",1.03118690334043,0.0134566584675528,"Up"
1,"JAKMIP1",1.53518051696626,0.0139714444441283,"Up"
1,"PLCL1",1.05567803325269,0.0150012898637713,"Up"
1,"TYROBP",1.04191908690136,0.0151741392671391,"Up"
1,"GATA6",1.94999565172128,0.0159660594381026,"Up"
1,"PLA2G7",1.32183548571936,0.0175186337597573,"Up"
1,"PLVAP",1.18000169927761,0.0175978323640525,"Up"
1,"XBP1",1.22302229228703,0.0198224829480987,"Up"
1,"IL7R",1.15734991036946,0.0198224829480987,"Up"
1,"PRKCQ",1.31358357646935,0.0204681100332464,"Up"
1,"BAK1",1.14974773398197,0.0205830991383986,"Up"
1,"FSCN1",1.02094768860242,0.0205830991383986,"Up"
1,"GNLY",1.67250548689258,0.021102810877277,"Up"
1,"TXK",1.28964675212322,0.021102810877277,"Up"
1,"EIF4E3",1.03560388248688,0.0218194156767952,"Up"
1,"EPOR",-1.55250012431419,0.0219853441650774,"Down"
1,"CCL5",1.162409454502,0.0219853441650774,"Up"
1,"EDNRB",1.37051013877242,0.0221284188844676,"Up"
1,"F5",1.35582667095559,0.0256863332519988,"Up"
1,"COL15A1",1.15107737614478,0.025878254180619,"Up"
1,"MYL9",1.2038843975406,0.0279900927411723,"Up"
1,"C1QB",1.48996720799346,0.0286870799382349,"Up"
1,"ST8SIA1",1.31956265578205,0.0286870799382349,"Up"
1,"TRIM47",1.1317399743103,0.03099011380452,"Up"
1,"ALDH1A1",1.11215701704943,0.032925252774285,"Up"
1,"CCL19",1.43563126836489,0.0403760756835375,"Up"
1,"TBC1D24",-1.13352677777635,0.0405950881374508,"Down"
1,"DNASE2",1.01005820111647,0.043654213779699,"Up"
1,"ZNF208",1.75460777857073,0.0453846817384195,"Up"
2,"MICAL2",-1.82374554665256,4.53192300461171e-07,"Down"
2,"XBP1",-2.0953622876745,1.45803817479188e-05,"Down"
2,"LYZ",-2.10363126930624,6.06819079017213e-05,"Down"
2,"NRP2",-1.2682131800933,6.06819079017213e-05,"Down"
2,"DOCK5",-1.8710280973214,8.23577448572892e-05,"Down"
2,"NUCB2",-1.50891267506531,0.000134262100075446,"Down"
2,"ANK3",-2.0597522832338,0.000144460251854272,"Down"
2,"CD14",-2.31192476848064,0.000150066507522973,"Down"
2,"CTSD",-1.21085583376093,0.000150066507522973,"Down"
2,"ADARB1",-1.64279611247654,0.000166638355374123,"Down"
2,"RAB31",-2.09250026944019,0.000172374245432339,"Down"
2,"OLFML2B",-1.88321202318464,0.000745037874850307,"Down"
2,"MAN1C1",-1.96449055929838,0.000764122418393157,"Down"
2,"MAF",-1.44904139526155,0.00101943400365177,"Down"
2,"ELL2",-1.65621233683298,0.00122934739746646,"Down"
2,"MYOF",-1.36517951797461,0.00122934739746646,"Down"
2,"TGFBI",-1.53654592214208,0.00177629972393963,"Down"
2,"GIMAP5",-1.44537627432386,0.00177629972393963,"Down"
2,"ETS2",-1.24203094268794,0.00177629972393963,"Down"
2,"TGM2",-1.91617617067575,0.00200849325193354,"Down"
2,"OSBPL1A",-1.81952379185743,0.00200849325193354,"Down"
2,"SERPINB6",-1.04556333673533,0.00250029530062294,"Down"
2,"C1QB",-2.12361736040279,0.00284588148997672,"Down"
2,"SDC3",-1.38693578254012,0.00284588148997672,"Down"
2,"KALRN",-1.58687098819965,0.0033073037742841,"Down"
2,"PSTPIP2",-1.81058791130437,0.00360174625867806,"Down"
2,"PTMS",-1.56421361160555,0.00367942937521587,"Down"
2,"ERN1",-1.08883624638272,0.00412575876200996,"Down"
2,"TYROBP",-1.33871357674616,0.00468671543680028,"Down"
2,"CTTN",-1.23787952020532,0.00468671543680028,"Down"
2,"SASH1",-1.38924088172094,0.00475745158628988,"Down"
2,"SLC8A1",-1.21760102980821,0.00480411816694495,"Down"
2,"TXNDC5",-1.68749039980134,0.00517521790400496,"Down"
2,"TLR8",-2.17628206112877,0.00541787803614276,"Down"
2,"DHRS3",-1.84149780658914,0.00541787803614276,"Down"
2,"CRISPLD2",-1.99616896856841,0.00548353136049333,"Down"
2,"GJA1",-1.56579091242202,0.00548353136049333,"Down"
2,"LMNA",-1.38982910927712,0.00548353136049333,"Down"
2,"IGFBP5",-2.07056901372967,0.00555890767077408,"Down"
2,"CSF3R",-2.06198900578161,0.00555890767077408,"Down"
2,"CCR2",-1.91452469997325,0.00555890767077408,"Down"
2,"STEAP4",-1.8857086446531,0.00555890767077408,"Down"
2,"ICA1",-1.68293375743638,0.00555890767077408,"Down"
2,"EHD2",-1.67240123989005,0.00555890767077408,"Down"
2,"CD93",-1.53816180560642,0.00555890767077408,"Down"
2,"TNIK",-1.50526447380182,0.00555890767077408,"Down"
2,"THBS1",-1.49509636041618,0.00555890767077408,"Down"
2,"OTUD7B",-1.48501846219226,0.00555890767077408,"Down"
2,"MXD1",-1.4609150623972,0.00555890767077408,"Down"
2,"TRIB1",-1.41047547224141,0.00555890767077408,"Down"
2,"APOL1",-1.30963209676061,0.00555890767077408,"Down"
2,"LRP11",-2.06296280479473,0.00571282274202909,"Down"
2,"FCN1",-2.0950242428247,0.00596683965724371,"Down"
2,"CNTLN",-1.56485753886113,0.00596683965724371,"Down"
2,"BAHCC1",-1.99045141678281,0.00633456823916826,"Down"
2,"MYL9",-1.56102687056542,0.00676140978335421,"Down"
2,"AIF1",-1.10132387335411,0.00691611657300944,"Down"
2,"HK3",-2.38071062749381,0.00691814010162194,"Down"
2,"PAM",-1.05999086068991,0.00722630722863559,"Down"
2,"NID1",-1.52656990306713,0.00773253236797733,"Down"
2,"HSPA6",-2.616784319928,0.00787404055929718,"Down"
2,"EPS8",-1.68010439910078,0.00789477780159575,"Down"
2,"PLCB3",-1.5966565218911,0.00812980708315355,"Down"
2,"STAB1",-1.54772290348281,0.00831616071970511,"Down"
2,"SLAMF7",-1.69793729412312,0.0084517982401589,"Down"
2,"CD4",-1.19613587217332,0.00870632938286336,"Down"
2,"GBP5",-1.15181786114991,0.00872476511117963,"Down"
2,"DYSF",-1.43149256539945,0.00914220224132752,"Down"
2,"SIGLEC1",-2.13808296219899,0.00940741324303552,"Down"
2,"PLEKHG3",-1.6324005660306,0.00987326906447736,"Down"
2,"P2RY13",-1.55772606371943,0.00987326906447736,"Down"
2,"MPP1",-1.14219138661815,0.00987326906447736,"Down"
2,"ANXA1",-1.48203029537407,0.009892250244237,"Down"
2,"ANPEP",-1.90449940721057,0.0116209904416001,"Down"
2,"ACSS2",-1.91658061863048,0.0124537856767228,"Down"
2,"NFIL3",-1.42588127443864,0.0124537856767228,"Down"
2,"RASGRP3",-1.38351276901409,0.0124634037911613,"Down"
2,"STOM",-1.23094542748405,0.0129097281004489,"Down"
2,"P4HA2",-1.81398992571605,0.013018103225129,"Down"
2,"CCL14",-1.96036942624697,0.0130475983564117,"Down"
2,"P2RY14",-1.9583009968028,0.0130475983564117,"Down"
2,"HAGH",-1.0266381765169,0.0130475983564117,"Down"
2,"PYGL",-2.03600386360947,0.0135275727532588,"Down"
2,"TJP1",-1.04688475752951,0.0136876499226432,"Down"
2,"TPX2",-1.0748442272937,0.0144026154211343,"Down"
2,"TNS1",-1.2413611828739,0.0147243452664379,"Down"
2,"TMEM184B",-1.4216200732885,0.0148327256594586,"Down"
2,"NRP1",-1.1320552702725,0.0148884852786062,"Down"
2,"TACC2",-2.00237184288948,0.0149373167557897,"Down"
2,"SIPA1L2",-1.40596669942444,0.0149373167557897,"Down"
2,"C1QC",-1.92946465480275,0.0154321964050437,"Down"
2,"PLEKHA5",-1.34836225695156,0.0154321964050437,"Down"
2,"CD163",-1.93017802917664,0.0155549279638583,"Down"
2,"LGMN",-1.51523596500696,0.0155549279638583,"Down"
2,"RAB13",-1.24272657180069,0.0155549279638583,"Down"
2,"PLTP",-1.66630285015465,0.015839190195129,"Down"
2,"COL5A1",-1.35358943255047,0.0160757454742479,"Down"
2,"IL1R1",-1.31971290363812,0.0162423805788989,"Down"
2,"OAT",-1.20427223406502,0.0166450443732865,"Down"
2,"GIMAP4",-1.4338395634293,0.0167435039867521,"Down"
2,"S100A6",-1.15223186556752,0.01676015422082,"Down"
2,"CDK6",-1.45302686673083,0.01687719285848,"Down"
2,"FHDC1",-2.0741689895466,0.0170138785708359,"Down"
2,"TTC39B",-1.1832266975136,0.0172146715674505,"Down"
2,"F2R",-1.31496416566109,0.0173068520822576,"Down"
2,"APOE",-1.01862851837692,0.0173781876497435,"Down"
2,"SLC1A5",-1.35650437746666,0.0177597247198847,"Down"
2,"GBP2",-1.17821474079051,0.0178719993606833,"Down"
2,"INPP1",-1.29595223308817,0.0181830361170561,"Down"
2,"FGD4",-1.22517411227884,0.0186443203196748,"Down"
2,"S100A9",-2.71076029848008,0.0190484393204535,"Down"
2,"UPP1",-1.36076976274214,0.0190965909246815,"Down"
2,"MPP7",-1.74226511560787,0.0194556789849263,"Down"
2,"KLF3",-1.23345328396627,0.0197163292245588,"Down"
2,"OLFML3",-1.84688236426324,0.0197860495817545,"Down"
2,"MAST2",-1.16156078575028,0.0198284743843029,"Down"
2,"TLR3",-1.7882684061564,0.0204989682683469,"Down"
2,"PPM1H",-1.33985981089039,0.0204989682683469,"Down"
2,"CD83",1.03562443969902,0.0204989682683469,"Up"
2,"MMRN1",-1.58214866307721,0.0205754752661555,"Down"
2,"ME1",-1.90209428665532,0.021677943105755,"Down"
2,"FOSL2",-1.58218174735466,0.0217106209562505,"Down"
2,"TMEM144",-1.94233509266451,0.021782340074576,"Down"
2,"SPIRE1",-1.62416946749991,0.0222291486856021,"Down"
2,"GAS6",-1.56723421331719,0.0222291486856021,"Down"
2,"LPCAT2",-1.4529690839402,0.0222291486856021,"Down"
2,"PLOD1",-1.38474706193579,0.0222291486856021,"Down"
2,"GIMAP7",-1.32018161151906,0.0222291486856021,"Down"
2,"PLVAP",-1.26676748100057,0.0222291486856021,"Down"
2,"FZD4",-1.14471195467243,0.0222291486856021,"Down"
2,"A2M",-1.01572230911394,0.0222291486856021,"Down"
2,"RUNX2",-1.99922878000748,0.0224674655921967,"Down"
2,"AXL",-1.68012227182459,0.0224674655921967,"Down"
2,"WWC2",-1.2698648303584,0.0224674655921967,"Down"
2,"RGS2",-1.90830871521931,0.0227359452612577,"Down"
2,"TTC7B",-1.48056938104475,0.0227359452612577,"Down"
2,"CD209",-2.28633311124865,0.0229870335367524,"Down"
2,"RRAGD",-1.54150249502041,0.0232727837262839,"Down"
2,"GBP1",-1.05798134118048,0.02335122372734,"Down"
2,"NFIX",-1.42353567260392,0.024068201416621,"Down"
2,"CRYL1",-1.39493513444985,0.0244212334540504,"Down"
2,"AKAP12",-1.11351209428655,0.0244212334540504,"Down"
2,"SEMA3F",-1.61342756558929,0.0250740121312529,"Down"
2,"SLC25A25",-1.1297814804549,0.0262113188968546,"Down"
2,"LMO2",-1.83003622074183,0.0267930604780823,"Down"
2,"COL1A1",-1.3735623708092,0.0276778876648123,"Down"
2,"HSPA1B",-2.33182104895487,0.0283245123563635,"Down"
2,"C4A",-1.633173375174,0.028418610257368,"Down"
2,"FCER1G",-1.62815115586425,0.0285281026423852,"Down"
2,"GALNT4",-1.40208173536869,0.0288904215939091,"Down"
2,"ACSL6",-1.97614230835096,0.0289511274370493,"Down"
2,"GSS",-1.20221367105172,0.0295327425787799,"Down"
2,"BLVRA",-1.18552246552209,0.0295327425787799,"Down"
2,"LATS2",-1.17740463229625,0.0295327425787799,"Down"
2,"MET",-1.55682100403379,0.0300567805298068,"Down"
2,"TRIM2",-1.30362508043684,0.0301920157749772,"Down"
2,"BCL11B",-1.20103419536416,0.0301920157749772,"Down"
2,"FBXO32",-1.14212313054404,0.0304349369027424,"Down"
2,"CARD6",-1.065961382673,0.0304349369027424,"Down"
2,"PTPRF",-1.03869819789241,0.0304349369027424,"Down"
2,"CRELD2",-1.0235185424308,0.0304349369027424,"Down"
2,"NOD2",-2.08022101588061,0.0306949750654889,"Down"
2,"SCN9A",-1.75620882108182,0.031346074004022,"Down"
2,"SH3PXD2B",-1.51763884707951,0.0313943093818288,"Down"
2,"LRRC34",1.00562574195111,0.0319886212441015,"Up"
2,"CLEC12A",-1.9952376759095,0.0320460280499558,"Down"
2,"ITGA8",-1.90249203826034,0.0320460280499558,"Down"
2,"PCSK5",-1.55514704169243,0.0327254193715666,"Down"
2,"BACE1",-1.30742494439852,0.0327254193715666,"Down"
2,"SELPLG",-1.24121319747656,0.0327254193715666,"Down"
2,"SOX13",-1.65548911335781,0.0328379201555569,"Down"
2,"FKBP10",-1.375320489748,0.0328379201555569,"Down"
2,"IGFBP4",-1.29413259417003,0.0328379201555569,"Down"
2,"TNFRSF1B",-1.01818872935332,0.0328379201555569,"Down"
2,"VCAN",-1.39156277452964,0.0331831523007873,"Down"
2,"EPHA2",-1.58728603920766,0.0335074284533868,"Down"
2,"LRP12",-1.3162514957536,0.0335165147551407,"Down"
2,"MRC1",-1.2042621863008,0.0335985916593404,"Down"
2,"PLCL1",-1.04536584992731,0.0337526628272021,"Down"
2,"SNAI2",-1.69642541606132,0.0341865403717443,"Down"
2,"TRIM47",-1.20418787722392,0.0353886539418404,"Down"
2,"RHOB",-1.18217279928524,0.0357874371196204,"Down"
2,"ARF5",-1.03636414417139,0.0361055241315756,"Down"
2,"CREG1",-1.03084534674414,0.0361708250401871,"Down"
2,"ETV1",-1.92106483436628,0.0363628582763652,"Down"
2,"RELN",-1.65815340473092,0.0367088797884618,"Down"
2,"IFI6",-1.44917570772359,0.0381846596830364,"Down"
2,"ROR1",1.35677321846349,0.0381846596830364,"Up"
2,"NCKAP1",-1.10455363848432,0.038464189125028,"Down"
2,"PTGDR",-1.77620597056594,0.0393115106214766,"Down"
2,"GAL3ST4",1.37869092993407,0.0395867886732754,"Up"
2,"HEBP1",-1.11908664608827,0.0420766687042894,"Down"
2,"SCML1",-1.580655814929,0.0426130886578295,"Down"
2,"PLXDC1",-1.41454488277956,0.0428177072328386,"Down"
2,"ADAMTS3",-1.36384795974901,0.0430185824097511,"Down"
2,"KIF23",-1.09941919025254,0.0434360315898005,"Down"
2,"ITGB5",-1.77949600334986,0.0437165452344614,"Down"
2,"KREMEN1",-1.63122908665859,0.0437165452344614,"Down"
2,"DSP",-1.47170036090413,0.0437165452344614,"Down"
2,"GAS8",-1.3078902202929,0.0437165452344614,"Down"
2,"PGAP1",-1.12676550547898,0.0437165452344614,"Down"
2,"PTPN13",-1.14786189682815,0.0444861998370545,"Down"
2,"RAB32",-1.42638079404046,0.0446474217298614,"Down"
2,"PALLD",-1.0650409556372,0.0446474217298614,"Down"
2,"MSR1",1.68960826957967,0.0447589188517664,"Up"
2,"AQP3",-1.67963393193108,0.0450621506365076,"Down"
2,"UBASH3A",-1.13275685593017,0.0454548164288744,"Down"
2,"PDE10A",-1.13425790207242,0.0460725623575033,"Down"
2,"GBP4",-1.06323566748849,0.0460725623575033,"Down"
2,"CLTCL1",-1.42986811299713,0.0462375502707295,"Down"
2,"TUBB2A",-1.91368629812194,0.0472701685755004,"Down"
2,"PIK3R2",-1.24643652623945,0.047306460978789,"Down"
2,"KCNT2",-1.3190223372815,0.0475973919927536,"Down"
2,"PDE9A",1.61558914505437,0.0486369555654821,"Up"
2,"ERRFI1",-1.49214948180494,0.0486369555654821,"Down"
2,"LILRB3",-1.77929454147522,0.0499691989251021,"Down"
3,"ZNF710",-4.25337611329471,5.55299896599483e-08,"Down"
3,"HMOX1",-5.07782036980443,5.52614649791166e-07,"Down"
3,"SLC25A38",-4.70587746334375,5.52614649791166e-07,"Down"
3,"CMKLR1",-3.33414258950469,8.61849971760378e-05,"Down"
3,"ESRRA",-3.45296740503328,0.000121355816201843,"Down"
3,"NDUFS8",-3.05372022795864,0.000121355816201843,"Down"
3,"CSF1R",-2.86835486253275,0.00313021469982246,"Down"
3,"IL21R",-2.76885947342329,0.00316332799989933,"Down"
3,"ZNF630",-2.68439792234701,0.00316332799989933,"Down"
3,"CDC42EP3",-2.21170499456074,0.00316332799989933,"Down"
3,"PHYHD1",-4.3910632207709,0.00443420760279687,"Down"
3,"TMEM104",-3.17134418228576,0.00443420760279687,"Down"
3,"MRPL38",-1.97912482284292,0.00443420760279687,"Down"
3,"EHD4",-2.08328705962086,0.00478842373322669,"Down"
3,"RELB",-2.14799337030153,0.00493362688379092,"Down"
3,"GCOM1",-3.89251695768397,0.00556013985446982,"Down"
3,"DNAJA4",-3.73268753251271,0.00556013985446982,"Down"
3,"IRS1",-2.76948498709648,0.00556013985446982,"Down"
3,"TXNL4B",-2.42162634743991,0.00556013985446982,"Down"
3,"ZNF707",-3.11927483756851,0.00567636849953687,"Down"
3,"ANKFY1",-1.41497002961421,0.00567636849953687,"Down"
3,"SULT1A1",-3.42928402992601,0.00706450631511163,"Down"
3,"ICAM1",-1.8808610185242,0.00706450631511163,"Down"
3,"JMJD6",-1.87110624855709,0.00716211840911569,"Down"
3,"GNPNAT1",-3.2279288867225,0.00784273288932254,"Down"
3,"POLR2F",-3.2083156983117,0.00784273288932254,"Down"
3,"HSF1",-2.2686424170156,0.00784273288932254,"Down"
3,"SIRT2",-2.53956185715798,0.00784792302730694,"Down"
3,"MVD",-1.92076289404384,0.00794096984513704,"Down"
3,"UBE2L6",-2.8953327903195,0.0101306334106447,"Down"
3,"CDYL2",-2.07364620898445,0.0101306334106447,"Down"
3,"PHF23",-2.32168813538941,0.0101890506778118,"Down"
3,"ELK1",-2.8785109068691,0.0121430079541267,"Down"
3,"POLL",-2.25884836932365,0.0121430079541267,"Down"
3,"GSTM4",-3.03605151247944,0.0131458504755527,"Down"
3,"OAZ2",-1.81069510422091,0.0146258683306172,"Down"
3,"SCAP",-1.42104215943055,0.0160630526148661,"Down"
3,"LDLRAP1",-3.39371386662435,0.0166532106895435,"Down"
3,"NUDT1",-3.10374358940034,0.0173633597642529,"Down"
3,"SGSM2",-1.70545688407922,0.0173633597642529,"Down"
3,"TRIM66",-1.66363142564013,0.0176153218416887,"Down"
3,"CDH3",-4.42066102070446,0.0185472563651209,"Down"
3,"FPR3",-4.09017464890869,0.0185472563651209,"Down"
3,"IGF1R",-2.24650961088935,0.0185472563651209,"Down"
3,"ZNF250",-1.90506357079117,0.0185472563651209,"Down"
3,"GBGT1",-3.87742719552119,0.0197418215786865,"Down"
3,"CORO2A",-3.58006841340223,0.0197418215786865,"Down"
3,"WDFY2",-2.62698444360167,0.0205032491801543,"Down"
3,"HARBI1",-3.7642042589467,0.0220876990192446,"Down"
3,"ZFAND3",-1.81352235243901,0.0220876990192446,"Down"
3,"TEAD2",-3.07532600118277,0.0224286525755034,"Down"
3,"ZFYVE19",-2.20742992752751,0.0224286525755034,"Down"
3,"PYCR2",-1.74046885956496,0.0241769453611757,"Down"
3,"PLAA",-1.37373037687144,0.024402824630565,"Down"
3,"NKIRAS2",-2.18077091181411,0.0254187235201311,"Down"
3,"HLA-DQB2",-3.5795656614418,0.0258919102915927,"Down"
3,"MMP14",-2.91171909303557,0.0258919102915927,"Down"
3,"PNO1",-2.2010657090094,0.0258919102915927,"Down"
3,"MAP3K11",-1.89565991629423,0.0258919102915927,"Down"
3,"STAMBP",-1.28776972491234,0.0258919102915927,"Down"
3,"RAB34",-4.17793537615038,0.0261932197888163,"Down"
3,"GMFG",-2.0316677471474,0.0277050038907237,"Down"
3,"DDTL",-1.73391172049919,0.028030727713735,"Down"
3,"RNF185",-2.17293957346161,0.029299946329824,"Down"
3,"SHMT1",-2.37458846069488,0.0319779619234253,"Down"
3,"NFKBIB",-1.87296479376398,0.0320296609622942,"Down"
3,"ENY2",-2.22348160182632,0.0330115726291096,"Down"
3,"ABT1",-2.20470455616164,0.0330115726291096,"Down"
3,"EPB41L3",-1.90856155495553,0.0330115726291096,"Down"
3,"ZNF491",-3.06409390547844,0.0334743323343965,"Down"
3,"VMAC",-2.54241044038797,0.0334743323343965,"Down"
3,"LSS",-1.72936567718677,0.0334743323343965,"Down"
3,"PTGS1",-3.05844839958712,0.0344695381898571,"Down"
3,"ACOT11",-2.96135772563597,0.0344695381898571,"Down"
3,"TRIM69",-2.96071331303948,0.0344695381898571,"Down"
3,"CNPY2",-1.36136052200547,0.0344695381898571,"Down"
3,"TBC1D25",-2.71801431572067,0.0346531304770517,"Down"
3,"POU5F2",-2.64129446521345,0.0346531304770517,"Down"
3,"GLTP",-2.2410762802047,0.0351429633833725,"Down"
3,"PTPMT1",-2.0299453275353,0.0351429633833725,"Down"
3,"NEU3",-1.43822641341504,0.0351429633833725,"Down"
3,"TRIAP1",-3.24656975597582,0.0352097695084249,"Down"
3,"FKBPL",-4.44657525587011,0.0356935495973305,"Down"
3,"ANKRD13B",-3.44388331041295,0.036183514671585,"Down"
3,"EPHX1",-2.94146026334753,0.036183514671585,"Down"
3,"PIM3",-2.15355592335696,0.036183514671585,"Down"
3,"TBC1D30",-3.52194537957,0.0364788181141539,"Down"
3,"ICAM3",-1.69263394318801,0.0371138904191258,"Down"
3,"TRPA1",-4.06068856408271,0.0371574698344068,"Down"
3,"CD248",-3.71880306063963,0.0371574698344068,"Down"
3,"AHDC1",-2.307875235389,0.0371574698344068,"Down"
3,"TAF5L",-1.98238693742657,0.0371574698344068,"Down"
3,"GIPR",-3.67760935510838,0.0385281550508177,"Down"
3,"GTF2H2C",-1.9002277040096,0.0385281550508177,"Down"
3,"RARRES1",-3.46750007768863,0.0389017429835151,"Down"
3,"MED29",-2.01959423768801,0.0389629578791228,"Down"
3,"SMPD1",-2.03289823796105,0.0390001022582351,"Down"
3,"ZNF282",-2.25911038270977,0.0394983035660975,"Down"
3,"OAS3",-2.7869979336696,0.0404843653496185,"Down"
3,"C6orf47",-2.34093923731139,0.0404843653496185,"Down"
3,"NDUFB7",-2.0081675463946,0.0404843653496185,"Down"
3,"RUVBL2",-1.92415291267167,0.042141962930203,"Down"
3,"ALG12",-1.63740382254836,0.0444295375376,"Down"
3,"BMP1",-2.8399132655116,0.0449930286451443,"Down"
3,"SIRPB1",-4.68763855884629,0.0465614814683302,"Down"
3,"CCDC92",-1.81825738571761,0.0468177452395663,"Down"
3,"CDK2",-1.56157745288845,0.0468177452395663,"Down"
3,"MOV10",-1.45570687267213,0.0468177452395663,"Down"
3,"ISYNA1",-2.98139761782551,0.0477249434405117,"Down"
3,"SLC29A3",-1.98800656836827,0.0496734199025325,"Down"
4,"S100A9",4.79915399991394,5.28595812675829e-05,"Up"
4,"SLC2A1",1.64272976841803,5.8831638422607e-05,"Up"
4,"CXCL13",-3.13660334490247,7.34850664977101e-05,"Down"
4,"HMBS",2.15556472890948,7.34850664977101e-05,"Up"
4,"HBB",5.28696541541726,0.00011042016349205,"Up"
4,"SLC25A37",2.33933354442418,0.00011042016349205,"Up"
4,"ANK1",3.54624772025938,0.000141656565664774,"Up"
4,"FCN1",3.01531375349334,0.000141656565664774,"Up"
4,"ADAMDEC1",-2.25956307920123,0.000167104354588386,"Down"
4,"CR2",-2.11727343960046,0.000167104354588386,"Down"
4,"GCLC",1.17584077827275,0.000264943572517553,"Up"
4,"ANKLE1",2.4678650393762,0.000383841131634884,"Up"
4,"MYO1F",1.14104577619384,0.000444368406249494,"Up"
4,"RPS27",-1.29320893309925,0.00055432564518872,"Down"
4,"CSF3R",2.74976215927596,0.00059553555611557,"Up"
4,"PPP1R15A",1.18644464561622,0.000633204850204782,"Up"
4,"HLA-DRA",-1.26150322689215,0.000690651674606143,"Down"
4,"HK3",3.20145160245395,0.000767011809596351,"Up"
4,"ENPP2",-1.39602510856018,0.000767011809596351,"Down"
4,"RNF123",1.10190351387834,0.000905682249632465,"Up"
4,"C3",-2.07575576359771,0.000975361046077786,"Down"
4,"B2M",-1.15709892138613,0.000981172179614172,"Down"
4,"MAFG",1.64692224060023,0.00101229030088249,"Up"
4,"PYGL",2.85261149587562,0.00111239989733196,"Up"
4,"XPO7",1.01828863746746,0.00111239989733196,"Up"
4,"HSPA6",3.46671002307313,0.00111647475846119,"Up"
4,"TMSB10",-1.00523909228351,0.00111647475846119,"Down"
4,"HAGH",1.41328235985382,0.0013123496006818,"Up"
4,"RPS27A",-1.02158723425474,0.0013123496006818,"Down"
4,"MPP1",1.52509109755786,0.00144517393484248,"Up"
4,"DNAJC6",3.1906965851281,0.00150243062570757,"Up"
4,"CLTCL1",2.35824942774436,0.00150243062570757,"Up"
4,"VCAN",2.1702271289552,0.00151429642244429,"Up"
4,"TKT",1.21165655195232,0.00175184820488355,"Up"
4,"TFRC",1.06875178772233,0.00200583955811514,"Up"
4,"ERAL1",1.3324257548056,0.0020535113826336,"Up"
4,"ABCC5",1.11795778541934,0.00207854662026015,"Up"
4,"FHDC1",2.87364570015652,0.00208392438423897,"Up"
4,"CIT",1.1183492584567,0.00208443051326849,"Up"
4,"GBP4",-1.70860332387872,0.00212703352050041,"Down"
4,"COX7C",-1.03046858644723,0.00218812750826592,"Down"
4,"BLVRB",2.29664671031129,0.00223346775497882,"Up"
4,"CPOX",1.32557650201644,0.00223346775497882,"Up"
4,"CD2",-1.68259878987222,0.00233764081109392,"Down"
4,"CLEC12A",2.98359508431837,0.00246206893492977,"Up"
4,"B4GALT5",1.00117759143706,0.00246206893492977,"Up"
4,"FECH",1.75870219461818,0.00261347380679878,"Up"
4,"SEC61B",-1.31594985507637,0.00270015120080228,"Down"
4,"STRADB",1.39092865852332,0.00271187765604123,"Up"
4,"PIGQ",1.89544293690202,0.00277092815980316,"Up"
4,"SYPL1",-1.23004224396951,0.00277092815980316,"Down"
4,"TRAK2",1.05553646666635,0.00337611918857778,"Up"
4,"EPOR",2.35289905051609,0.00362237357835008,"Up"
4,"CD3E",-1.63103395902477,0.00362237357835008,"Down"
4,"TFDP1",1.16291285235991,0.00362237357835008,"Up"
4,"ERAP2",-1.01259155595131,0.00410364574673116,"Down"
4,"C21orf58",1.909978052658,0.00413388166211857,"Up"
4,"MAP2K3",1.03778309110799,0.00423941894165913,"Up"
4,"GZMK",-1.89238031948364,0.00505184078680115,"Down"
4,"ATG4C",-1.13363408273626,0.00527772700923083,"Down"
4,"DYSF",1.71038876547074,0.00540013735868469,"Up"
4,"UBD",-1.91679163975247,0.00576651020580939,"Down"
4,"MBOAT2",1.39315437683622,0.00576651020580939,"Up"
4,"PRC1",1.37679454851321,0.00576651020580939,"Up"
4,"CCL5",-1.68996040956147,0.00577522984510118,"Down"
4,"PFKFB4",2.41679758591418,0.0060288406346587,"Up"
4,"RANBP10",1.07323261495762,0.0060288406346587,"Up"
4,"ATP8B4",2.14837254160778,0.00609359688378678,"Up"
4,"IQGAP3",2.01367306385491,0.00622746539716555,"Up"
4,"RCN3",1.82924309783368,0.00662924007296579,"Up"
4,"PRDX2",1.40177469243282,0.00718029125517849,"Up"
4,"HAVCR2",-1.20644581860623,0.00728440379459486,"Down"
4,"SELENBP1",2.5747722906559,0.00735712384536678,"Up"
4,"AHR",-1.1106387259063,0.00742703215169395,"Down"
4,"ACSL6",2.63357248036099,0.00743354946503911,"Up"
4,"NRXN2",2.18229675558408,0.00743354946503911,"Up"
4,"CD3D",-1.9867028316111,0.00743354946503911,"Down"
4,"MYB",1.52431583761825,0.00743354946503911,"Up"
4,"PCYOX1",-1.16683453335263,0.00743354946503911,"Down"
4,"STK11",1.05611735189538,0.00743354946503911,"Up"
4,"PLA2G2D",-1.51753186007559,0.00769366347318777,"Down"
4,"SEMA5A",-1.66574536209141,0.00793545116189571,"Down"
4,"C1S",-1.03453820351336,0.00825019996869207,"Down"
4,"ERMAP",1.39498429857435,0.00880067414375957,"Up"
4,"CA2",3.2959042524118,0.00885418293371758,"Up"
4,"DNAJA4",1.74022330942943,0.00935684970340757,"Up"
4,"CD36",2.27776928453884,0.00950727160074697,"Up"
4,"NELL2",-1.98029404091023,0.0103728062063299,"Down"
4,"SLC6A8",3.00395697711779,0.010627906040258,"Up"
4,"UROD",1.0157254748552,0.010627906040258,"Up"
4,"CCL21",-2.88166385471862,0.0113075977189312,"Down"
4,"SLC25A39",1.5408996651957,0.0113075977189312,"Up"
4,"TF",2.44887639686848,0.0125532517012308,"Up"
4,"MST1",2.04179188167737,0.0137913080644029,"Up"
4,"DYRK3",1.93769515179149,0.0137913080644029,"Up"
4,"E2F2",1.93446305232904,0.0137913080644029,"Up"
4,"ANKRD50",1.32141266319676,0.0137913080644029,"Up"
4,"TEX2",1.00096538681775,0.0137913080644029,"Up"
4,"ANXA1",1.61570808435357,0.0145697333287139,"Up"
4,"IL33",-1.70626125727297,0.0152172467201127,"Down"
4,"KIF24",1.20126155376974,0.0161221723295784,"Up"
4,"LST1",1.8122066497077,0.0171372076293118,"Up"
4,"MEGF9",1.20528174719921,0.0171836467370122,"Up"
4,"CARD9",1.96292645245484,0.0174824671574445,"Up"
4,"P2RX1",1.82706978580785,0.0174824671574445,"Up"
4,"SNRPF",-1.08564253586295,0.0174824671574445,"Down"
4,"DEF8",1.99768280433102,0.0175726183730129,"Up"
4,"ITM2A",-1.39424445794965,0.0175726183730129,"Down"
4,"WDR90",1.11904202114129,0.0176101465607478,"Up"
4,"CENPF",1.25352427192637,0.0177771258814758,"Up"
4,"ANTXR1",-1.03783376583151,0.0177771258814758,"Down"
4,"UBAC1",1.34385395806823,0.0179566130740356,"Up"
4,"SLC43A1",2.41975065800866,0.0180984570208771,"Up"
4,"CR1L",2.80744310282634,0.0185613903123462,"Up"
4,"CD3G",-1.54247247333121,0.0185613903123462,"Down"
4,"CLU",-1.49939446676198,0.0185613903123462,"Down"
4,"ALAD",1.47164398460682,0.0185613903123462,"Up"
4,"TSPAN5",1.42607287655549,0.0185613903123462,"Up"
4,"ITSN1",1.1775615538206,0.0188433565303396,"Up"
4,"SLC1A5",1.52138615930914,0.0208302567581163,"Up"
4,"BST1",2.05040669369364,0.0213147840914983,"Up"
4,"GCLM",1.21844001034253,0.0214147234792295,"Up"
4,"TESC",2.22767154872026,0.0223261639014617,"Up"
4,"MXD3",1.19344945725354,0.0226822639007279,"Up"
4,"ABCB6",1.35649385266337,0.0227699617903588,"Up"
4,"KIF15",1.05899243019762,0.0227699617903588,"Up"
4,"MNDA",1.39045151887091,0.0231650839387879,"Up"
4,"INPP4B",-1.09303773366185,0.0231650839387879,"Down"
4,"LILRB5",2.08619797434938,0.0236790684839899,"Up"
4,"PTGDS",-1.39982332750663,0.0236799842757785,"Down"
4,"ITK",-1.511221876272,0.0238202200733814,"Down"
4,"HJURP",1.29279062966513,0.0241683716659476,"Up"
4,"TROAP",1.60830122053732,0.0245833312440751,"Up"
4,"ACSL1",1.12270951677228,0.0245833312440751,"Up"
4,"FGR",1.65431508917775,0.0246464975564456,"Up"
4,"CD83",-1.15186059141035,0.0249782463551208,"Down"
4,"CCL19",-1.9027279579862,0.0250150097348851,"Down"
4,"LMO2",2.10422017721495,0.0257750448444538,"Up"
4,"RGS1",-1.82249786281326,0.0264235441435246,"Down"
4,"CD69",-1.23982588606054,0.0271690516008714,"Down"
4,"CD8A",-1.43898852286065,0.0276201370114143,"Down"
4,"DOCK5",1.39991349671532,0.027717105636822,"Up"
4,"TLR7",-1.12896208477901,0.0286583471222832,"Down"
4,"NCF2",1.3171626753674,0.0286833033119506,"Up"
4,"DHRS13",1.90895230232419,0.029623958972469,"Up"
4,"FES",1.73788873166126,0.029623958972469,"Up"
4,"TNXB",1.53425657767545,0.0296922985753669,"Up"
4,"GMPPB",1.08371081620074,0.0303878879494766,"Up"
4,"HSPA1A",1.92442806097257,0.0309840031617486,"Up"
4,"LILRB3",2.21232067221553,0.031110567948232,"Up"
4,"CNTNAP3",2.46582193910457,0.0318323314133693,"Up"
4,"TNS1",1.26781388132632,0.033004870365242,"Up"
4,"SPARCL1",-1.2631941461416,0.0347395297560607,"Down"
4,"CCL22",-2.05255465525414,0.0348876817082598,"Down"
4,"CD163",1.97390025023829,0.0349236920995393,"Up"
4,"SAMSN1",-1.0786871951372,0.03512024265894,"Down"
4,"IGF2BP2",2.07606962702171,0.0351300074619148,"Up"
4,"MXI1",1.22657809573735,0.0351300074619148,"Up"
4,"MBOAT7",1.0180895191797,0.0351300074619148,"Up"
4,"KEL",1.63024648103052,0.0362882958144313,"Up"
4,"LY96",-1.41684213537662,0.0363165550034425,"Down"
4,"RGS5",-1.29353716045228,0.0363165550034425,"Down"
4,"NLRC4",1.16366406781537,0.0363165550034425,"Up"
4,"MARCKSL1",-1.0846594920883,0.0363165550034425,"Down"
4,"ATG4D",1.2506986242309,0.0367364299475568,"Up"
4,"LPAR2",1.2072648396842,0.0373018081937327,"Up"
4,"DENND2C",1.80507483998752,0.0379074865165452,"Up"
4,"ARHGAP23",1.46735808885838,0.0380087609911772,"Up"
4,"LAMA3",-1.3363263648353,0.0380087609911772,"Down"
4,"GPNMB",-1.10173271177084,0.0384781599737481,"Down"
4,"PSTPIP2",1.55293173837736,0.03864836718442,"Up"
4,"LILRB2",1.8087528365313,0.0390164398162427,"Up"
4,"ARRDC2",1.11046100079749,0.0390164398162427,"Up"
4,"ATP7B",2.39901294356776,0.0393110035934407,"Up"
4,"CXCL9",-2.27018426811439,0.0393110035934407,"Down"
4,"CHAC2",1.96273341286217,0.0393110035934407,"Up"
4,"SSH3",1.6748132054237,0.0393110035934407,"Up"
4,"TNFRSF9",-1.41809298980907,0.0393110035934407,"Down"
4,"MCOLN1",1.24136366840366,0.0393110035934407,"Up"
4,"GPR174",-1.06317339801338,0.0393110035934407,"Down"
4,"POLQ",1.00276629455321,0.0393110035934407,"Up"
4,"C7",-1.61833217769094,0.0393572723050897,"Down"
4,"DPT",-1.96102688287425,0.0399692522685259,"Down"
4,"CHI3L2",-1.51880882473295,0.0399692522685259,"Down"
4,"MKI67",1.11072283692167,0.0399692522685259,"Up"
4,"BSG",1.26047769469881,0.0407280019775431,"Up"
4,"CREB5",1.90926777387323,0.0410144030442966,"Up"
4,"EEPD1",1.65238906710576,0.0421495081229004,"Up"
4,"IMPA2",1.50297391023962,0.0445352951769976,"Up"
4,"GFOD2",1.18465347075029,0.0455829121891315,"Up"
4,"MICAL2",1.09856301181748,0.046618358533671,"Up"
4,"ZNF516",1.1028531181788,0.0470175182229964,"Up"
4,"GZMA",-1.80865408222433,0.0470363696207174,"Down"
4,"CPNE2",1.51701595931979,0.0479393403974023,"Up"
4,"FGD4",1.22389192858658,0.048364928855824,"Up"
4,"AURKA",1.29136478454343,0.0487161274985034,"Up"
4,"TRPM6",1.9549198734551,0.0492145269636651,"Up"
4,"SMN1",-1.13814929084308,0.0498886718163585,"Down"
5,"TMEM179B",-3.87520811004662,8.78348260091493e-06,"Down"
5,"NAF1",-2.57870510078265,8.81039300469376e-06,"Down"
5,"EFCAB2",-3.51932156182739,0.000203751844583694,"Down"
5,"GPR137B",-2.72924904975178,0.000203751844583694,"Down"
5,"NUBPL",-2.67507122785474,0.000234569592209364,"Down"
5,"ZNF582",-3.59012524344151,0.000428334345949432,"Down"
5,"WDR82",-1.46758165628632,0.000428334345949432,"Down"
5,"DYNC1LI1",-1.29987073208396,0.000428334345949432,"Down"
5,"FAM118B",-3.09023733086743,0.00049463153268463,"Down"
5,"CMTM6",-2.35869809129376,0.000535225000005368,"Down"
5,"STAB2",-6.39142286593167,0.000989441457077884,"Down"
5,"SUPT4H1",-3.1682500262263,0.000989441457077884,"Down"
5,"BMI1",-2.73283566489559,0.000989441457077884,"Down"
5,"DPY19L1",-2.47631172195666,0.00133105712036618,"Down"
5,"ZNF682",-3.49609476695617,0.00135260445377453,"Down"
5,"NAPB",-2.50832927659071,0.00135260445377453,"Down"
5,"TAF11",-1.78794003370062,0.00135260445377453,"Down"
5,"SLC25A1",-3.00903077315514,0.0014614502889809,"Down"
5,"BPNT1",-2.81415452049787,0.00156920078834607,"Down"
5,"ZNF442",-4.20517996545579,0.00176513645137021,"Down"
5,"TXNDC17",-2.8634535239562,0.00192765860871641,"Down"
5,"CREM",-2.31912128735794,0.00192765860871641,"Down"
5,"C16orf87",-2.02774643115155,0.00192765860871641,"Down"
5,"ZNF670",-2.89601208844956,0.00230753918756767,"Down"
5,"TFE3",-2.28048776180726,0.00282612056437448,"Down"
5,"METTL2B",-2.77240036932207,0.0034325396219095,"Down"
5,"TRPT1",-3.27847716408928,0.00550639176850067,"Down"
5,"POLR3F",-2.62107344277442,0.00550639176850067,"Down"
5,"KLHL18",-2.14483615962735,0.00550639176850067,"Down"
5,"C16orf54",-3.54490726661492,0.0059804333030527,"Down"
5,"LAMA2",3.62276842036126,0.00796705277915309,"Up"
5,"DHX32",-2.78922727684736,0.0089067765152036,"Down"
5,"TRIM13",-2.36705108238935,0.00927017142757637,"Down"
5,"ZNF410",-1.11176580143905,0.00927017142757637,"Down"
5,"COPG2",-2.5497758776573,0.00955964878497747,"Down"
5,"PSEN1",-1.0719933261367,0.00955964878497747,"Down"
5,"KIAA1143",-1.94507437710225,0.00976752694837814,"Down"
5,"SIT1",-2.65696549127803,0.0112068983980014,"Down"
5,"BAX",-2.03884464060586,0.0112068983980014,"Down"
5,"PAFAH2",-2.21419171528145,0.011274761114566,"Down"
5,"MOAP1",-1.55654739451593,0.0119723534690425,"Down"
5,"FTSJ3",-1.26635684318731,0.0119723534690425,"Down"
5,"MYH11",3.40854779943603,0.0129914434763068,"Up"
5,"OSGEP",-1.14499945970596,0.0129914434763068,"Down"
5,"THNSL1",-4.56348485860025,0.0155316546905186,"Down"
5,"ITIH3",-4.65654963691266,0.0183481424627744,"Down"
5,"U2AF1",-1.52841975722452,0.0183481424627744,"Down"
5,"TRAPPC4",-2.24350640213529,0.0196726902453913,"Down"
5,"SNTB2",-1.95615021325979,0.0196726902453913,"Down"
5,"WDR77",-2.22825009861963,0.0209670690181574,"Down"
5,"COQ10B",-2.26150107483684,0.0216823223400211,"Down"
5,"ERI2",-2.65554464612939,0.0221429157036354,"Down"
5,"SPHK1",3.72370800898361,0.0232183296467704,"Up"
5,"PRDM8",-3.6431802023522,0.0232183296467704,"Down"
5,"SH3D19",2.77406553616443,0.0232183296467704,"Up"
5,"ATG7",-1.20766589511963,0.024611610417904,"Down"
5,"UBE2D1",-2.88215142637278,0.0265835681090741,"Down"
5,"HCST",-3.36540158485193,0.0269955358112869,"Down"
5,"ZNF462",2.13925161982862,0.0283522552637831,"Up"
5,"DTNB",1.31463752423313,0.0283522552637831,"Up"
5,"NOP16",-3.02147285831789,0.0289237970770056,"Down"
5,"RNF113A",-2.33372137584965,0.0289237970770056,"Down"
5,"SCLY",-1.76725425932555,0.0289237970770056,"Down"
5,"MUTYH",-1.45047305029129,0.0291832472393334,"Down"
5,"KYNU",-1.51629135008022,0.0296357275997959,"Down"
5,"CD27",-2.2365900783093,0.0303386804355403,"Down"
5,"FAM149B1",-1.2719712418333,0.0307115675280234,"Down"
5,"KBTBD7",-1.84759174523871,0.0313025054082611,"Down"
5,"GNAI1",3.84008253619234,0.0326045379746484,"Up"
5,"FAM171B",3.43077523868988,0.0326045379746484,"Up"
5,"LIMCH1",3.01079835519431,0.0326391352079407,"Up"
5,"TRAT1",-3.98092036405564,0.0332829161156566,"Down"
5,"BACE1",3.16532617842748,0.0332829161156566,"Up"
5,"LTBP2",2.16210333725339,0.0332829161156566,"Up"
5,"GLCE",1.86251462027475,0.0332829161156566,"Up"
5,"SLC16A9",-3.49554465060158,0.03650371373161,"Down"
5,"PPP2R3A",2.66594088673072,0.03650371373161,"Up"
5,"CIB1",-1.46101711838344,0.03650371373161,"Down"
5,"PMM1",-2.78924843379361,0.0366035631419757,"Down"
5,"TP53RK",-3.12624134518657,0.0369949034449417,"Down"
5,"TRAPPC1",-1.47506961266795,0.0389587777970729,"Down"
5,"ZNF844",-1.59954521334331,0.0401888264099001,"Down"
5,"ZNF490",-1.19635109858197,0.0402723559962606,"Down"
5,"EXOSC6",-2.06277802446345,0.0404268246274438,"Down"
5,"CACNA2D3",-3.30326774017886,0.0412003924077882,"Down"
5,"DOLPP1",-3.4895962350326,0.0415007112985884,"Down"
5,"THBS1",2.85008189433818,0.0415007112985884,"Up"
5,"TMEM14B",-3.06139518474143,0.0416765269463946,"Down"
5,"CDC42SE2",-1.70537537223384,0.0428301882953204,"Down"
5,"SFXN5",-2.81249892128401,0.0452733400180236,"Down"
5,"ZNF574",-2.18557304622088,0.0452733400180236,"Down"
5,"ARHGEF18",-2.06623224156206,0.0452733400180236,"Down"
5,"FCHSD1",-1.30524140795411,0.0452733400180236,"Down"
5,"OLFML3",3.99050289701368,0.0456083740546031,"Up"
5,"UBD",-3.18467732574356,0.0456083740546031,"Down"
5,"SLC22A18",-2.7740550060714,0.0456083740546031,"Down"
5,"CASP6",-2.44521809864626,0.0456083740546031,"Down"
5,"ZNF610",-2.39977370038727,0.0456083740546031,"Down"
5,"HSD17B11",-1.65845148448579,0.0474599659125374,"Down"
5,"CLNK",-4.1018349301896,0.048353272004523,"Down"
